ward_code,baseline_daily_deaths,source
A,4.05,Estimated from city-wide crude death rate proxy applied to ward population — replace with BMC health dept ward-level mortality data
B,2.69,Estimated from city-wide crude death rate proxy applied to ward population — replace with BMC health dept ward-level mortality data
C,3.66,Estimated from city-wide crude death rate proxy applied to ward population — replace with BMC health dept ward-level mortality data
D,7.34,Estimated from city-wide crude death rate proxy applied to ward population — replace with BMC health dept ward-level mortality data
E,8.44,Estimated from city-wide crude death rate proxy applied to ward population — replace with BMC health dept ward-level mortality data
F/N,7.93,Estimated from city-wide crude death rate proxy applied to ward population — replace with BMC health dept ward-level mortality data
F/S,7.7,Estimated from city-wide crude death rate proxy applied to ward population — replace with BMC health dept ward-level mortality data
G/N,11.17,Estimated from city-wide crude death rate proxy applied to ward population — replace with BMC health dept ward-level mortality data
G/S,10.17,Estimated from city-wide crude death rate proxy applied to ward population — replace with BMC health dept ward-level mortality data
H/E,7.68,Estimated from city-wide crude death rate proxy applied to ward population — replace with BMC health dept ward-level mortality data
H/W,5.44,Estimated from city-wide crude death rate proxy applied to ward population — replace with BMC health dept ward-level mortality data
K/E,24.88,Estimated from city-wide crude death rate proxy applied to ward population — replace with BMC health dept ward-level mortality data
K/W,13.42,Estimated from city-wide crude death rate proxy applied to ward population — replace with BMC health dept ward-level mortality data
P/S,8.85,Estimated from city-wide crude death rate proxy applied to ward population — replace with BMC health dept ward-level mortality data
P/N,18.84,Estimated from city-wide crude death rate proxy applied to ward population — replace with BMC health dept ward-level mortality data
R/S,11.31,Estimated from city-wide crude death rate proxy applied to ward population — replace with BMC health dept ward-level mortality data
R/C,10.74,Estimated from city-wide crude death rate proxy applied to ward population — replace with BMC health dept ward-level mortality data
R/N,9.16,Estimated from city-wide crude death rate proxy applied to ward population — replace with BMC health dept ward-level mortality data
L,17.07,Estimated from city-wide crude death rate proxy applied to ward population — replace with BMC health dept ward-level mortality data
M/E,15.53,Estimated from city-wide crude death rate proxy applied to ward population — replace with BMC health dept ward-level mortality data
M/W,8.05,Estimated from city-wide crude death rate proxy applied to ward population — replace with BMC health dept ward-level mortality data
N,13.42,Estimated from city-wide crude death rate proxy applied to ward population — replace with BMC health dept ward-level mortality data
S,17.26,Estimated from city-wide crude death rate proxy applied to ward population — replace with BMC health dept ward-level mortality data
T,11.32,Estimated from city-wide crude death rate proxy applied to ward population — replace with BMC health dept ward-level mortality data
