"ward_code","census_year","population","confidence","source_note"
"A","2011","210926","low","Low (placeholder estimate — replace with verified ward-level census/NFHS extraction)"
"B","2011","140480","low","Low (placeholder estimate — replace with verified ward-level census/NFHS extraction)"
"C","2011","190670","low","Low (placeholder estimate — replace with verified ward-level census/NFHS extraction)"
"D","2011","382841","low","Low (placeholder estimate — replace with verified ward-level census/NFHS extraction)"
"E","2011","440335","low","Low (placeholder estimate — replace with verified ward-level census/NFHS extraction)"
"FN","2011","413672","low","Low (placeholder estimate — replace with verified ward-level census/NFHS extraction)"
"FS","2011","401527","low","Low (placeholder estimate — replace with verified ward-level census/NFHS extraction)"
"GN","2011","582502","low","Low (placeholder estimate — replace with verified ward-level census/NFHS extraction)"
"GS","2011","530060","low","Low (placeholder estimate — replace with verified ward-level census/NFHS extraction)"
"HE","2011","400468","low","Low (placeholder estimate — replace with verified ward-level census/NFHS extraction)"
"HW","2011","283877","low","Low (placeholder estimate — replace with verified ward-level census/NFHS extraction)"
"KE","2011","1297082","medium","Medium (2011 Census pop. + growth correction)"
"KW","2011","700000","medium","Medium (2011 Census pop. + growth correction)"
"PS","2011","461304","low","Low (placeholder estimate — replace with verified ward-level census/NFHS extraction)"
"PN","2011","982224","low","Low (placeholder estimate — replace with verified ward-level census/NFHS extraction)"
"RS","2011","589839","low","Low (placeholder estimate — replace with verified ward-level census/NFHS extraction)"
"RC","2011","560198","low","Low (placeholder estimate — replace with verified ward-level census/NFHS extraction)"
"RN","2011","477548","low","Low (placeholder estimate — replace with verified ward-level census/NFHS extraction)"
"L","2011","890000","low","Low (placeholder estimate — replace with verified ward-level census/NFHS extraction)"
"ME","2011","810000","low","Low (placeholder estimate — replace with verified ward-level census/NFHS extraction)"
"MW","2011","420000","low","Low (placeholder estimate — replace with verified ward-level census/NFHS extraction)"
"N","2011","700000","low","Low (placeholder estimate — replace with verified ward-level census/NFHS extraction)"
"S","2011","900000","low","Low (placeholder estimate — replace with verified ward-level census/NFHS extraction)"
"T","2011","590000","low","Low (placeholder estimate — replace with verified ward-level census/NFHS extraction)"
